nation,res2010,res2014,res2018
France,20,7,1
ナイジェリア,20,16,20
クロアチア,20,20,2
ベルギー,20,6,3
イングランド,13,20,4
ウルグアイ,4,12,5
ブラジル,6,4,6
スウェーデン,20,20,7
ロシア,20,20,8
コロンビア,20,5,9
スペイン,1,20,10
デンマーク,20,20,11
メキシコ,14,10,12
ポルトガル,11,20,13
スイス,20,11,14
日本,9,20,15
アルゼンチン,5,2,16
ドイツ,3,1,20
オランダ,2,3,20
コスタリカ,20,8,20
チリ,10,9,20
ギリシャ,20,13,20
アルジェリア,20,14,20
アメリカ合衆国,12,15,20
ガーナ,7,20,20
パラグアイ,8,20,20
韓国,15,20,20
スロバキア,16,20,20
